Name,Year,Age
Aaron Brooks,2000,24
Aaron Rodgers,2005,22
Akili Smith,1999,24
Alex VanPelt,1995,25
Andrew Walter,2006,24
Andy Dalton,2011,24
Anthony Wright,2000,24
Archie Manning,1971,22
Austin Davis,2012,23
Baker Mayfield,2018,23
Ben Roethlisberger,2004,22
Bernie Kosar,1985,22
Bert Jones,1973,22
Bill Kenney,1980,25
BillyJoe Tolliver,1989,23
Billy Volek,2001,25
Blaine Gabbert,2011,22
Blake Bortles,2014,22
Bob Gagliano,1982,24
Bobby Hebert,1985,25
Bobby Hoying,1996,24
Boomer Esiason,1984,23
Brad Johnson,1994,26
Brady Quinn,2007,23
Brandon Weeden,2012,29
Brett Favre,1991,22
Brett Hundley,2016,23
Brian Griese,1998,23
Brian Hoyer,2009,24
Brian Sipe,1974,25
Brock Osweiler,2012,22
Brodie Croyle,2006,23
Brooks Bollinger,2004,25
Browning Nagle,1991,23
Bruce Gradkowski,2006,23
Bruce Mathison,1983,24
Bubby Brister,1986,24
Byron Leftwich,2003,23
Cade McNown,1999,22
Carson Palmer,2004,25
Carson Wentz,2016,24
Case Keenum,2012,24
Chad Henne,2008,23
Chad Hutchinson,2002,25
Charlie Batch,1998,24
Charlie Frye,2005,24
Chris Chandler,1988,23
Chris Miller,1987,22
Chris Simms,2004,24
Chris Weinke,2001,29
Christian Ponder,2011,23
Chuck Long,1986,23
Cleo Lemon,2006,27
Cliff Stoudt,1980,25
Cody Carlson,1988,25
Colin Kaepernick,2011,24
Colt McCoy,2010,24
Craig Erickson,1992,23
Craig Morton,1965,22
Craig Whelihan,1997,26
Curtis Painter,2009,24
Dak Prescott,2016,23
Damon Huard,1998,25
Dan Fouts,1973,22
Dan Marino,1983,22
Dan Orlovsky,2005,22
Daniel Jones,2019,22
Danny Kanell,1996,23
Danny White,1976,24
Daunte Culpepper,1999,22
Dave Brown,1992,22
Dave Krieg,1980,22
Dave Wilson,1981,22
David Archer,1984,22
David Carr,2002,23
David Garrard,2002,24
David Klingler,1992,23
David Woodley,1980,22
DeShone Kizer,2017,22
Derek Anderson,2006,23
Derek Carr,2014,23
Deshaun Watson,2017,22
Dieter Brock,1985,34
Donald Hollas,1991,24
Donovan McNabb,1999,23
Doug Flutie,1986,24
Doug Johnson,2000,23
Doug Pederson,1993,25
Doug Williams,1978,23
Drew Bledsoe,1993,21
Drew Stanton,2008,24
Ed Luther,1980,23
Eli Manning,2004,23
Elvis Grbac,1994,24
Eric Hipple,1980,23
Erik Kramer,1987,23
Frank Reich,1985,24
Gardner Minshew,2019,23
Gary Hogeboom,1980,22
Geno Smith,2013,23
Gifford Nielsen,1978,24
Gus Frerotte,1994,23
Heath Shuler,1994,23
Hugh Millen,1987,24
JaMarcus Russell,2007,22
Jack Thompson,1979,23
Jack Trudeau,1986,24
Jacoby Brissett,2016,24
Jake Delhomme,1999,24
Jake Locker,2011,23
Jake Plummer,1997,23
Jameis Winston,2015,21
Jared Goff,2016,22
Jason Campbell,2006,25
Jay Fiedler,1995,24
Jay Schroeder,1985,24
Jeff Blake,1992,22
Jeff Garcia,1999,29
Jeff George,1990,23
Jeff Hostetler,1985,24
Jeff Kemp,1981,22
Jim Everett,1986,23
Jim Harbaugh,1987,24
Jim Hart,1966,22
Jim Kelly,1986,26
Jim Miller,1995,24
Jim Plunkett,1971,24
Jimmy Garoppolo,2014,23
Joe Ferguson,1973,23
Joe Flacco,2008,23
Joe Montana,1979,23
Joe Theismann,1974,25
Joey Harrington,2002,24
John Elway,1983,23
John Friesz,1990,23
John Skelton,2010,22
Jon Kitna,1997,25
Josh Allen,2018,22
Josh Freeman,2009,21
Josh McCown,2002,23
Josh Rosen,2018,21
Kellen Clemens,2006,23
Ken Anderson,1971,22
Ken Dorsey,2004,23
Ken O'Brien,1984,24
Ken Stabler,1970,25
Kent Graham,1992,24
Kerry Collins,1995,23
Kevin Kolb,2007,23
Kirk Cousins,2012,24
Kordell Stewart,1995,23
Kurt Warner,1998,27
Kyle Allen,2018,22
Kyle Boller,2003,22
Kyle Orton,2005,23
Kyler Murray,2019,22
Lamar Jackson,2018,21
Lynn Dickey,1971,22
Marc Bulger,2002,25
Marc Wilson,1980,23
Marcus Mariota,2015,22
Mark Brunell,1994,24
Mark Malone,1980,22
Mark Rypien,1998,26
Mason Rudolph,2019,24
Matt Cassel,2005,23
Matt Hasselbeck,1999,24
Matt Leinart,2006,23
Matt Ryan,2008,23
Matt Schaub,2004,23
Michael Vick,2001,21
Mike Glennon,2013,24
Mike Pagel,1982,22
Mike Tomczak,1985,23
Mitchell Trubisky,2017,23
Neil Lomax,1981,22
Neil O'Donnell,1991,25
Nick Foles,2012,23
Nick Mullens,2018,23
Pat Haden,1976,23
Pat Ryan,1978,23
Patrick Mahomes,2017,22
Patrick Ramsey,2002,23
Paul McDonald,1980,22
Peyton Manning,1998,22
Phil Simms,1979,24
Philip Rivers,2004,23
Quincy Carter,2001,24
Randall Cunningham,1985,22
Randy Wright,1984,23
Ray Lucas,1996,24
Rex Grossman,2003,23
Richard Todd,1976,23
Rick Mirer,1993,23
Rob Johnson,1995,22
Robert Griffin III,2012,22
Rodney Peete,1989,23
Ron Jaworski,1974,23
Russell Wilson,2012,24
Rusty Hilger,1985,23
Ryan Fitzpatrick,2005,23
Ryan Mallett,2012,24
Ryan Tannehill,2012,24
Sage Rosenfels,2002,24
Sam Bradford,2010,23
Sam Darnold,2018,21
Scott Brunner,1980,23
Scott Campbell,1984,22
Scott Mitchell,1991,23
Seneca Wallace,2005,25
Shane Matthews,1996,26
Shaun Hill,2005,25
Shaun King,1999,22
Stan Gelbaugh,1989,27
Stan Humphries,1989,24
Steve Bartkowski,1975,23
Steve Beuerlein,1988,23
Steve Bono,1985,23
Steve DeBerg,1978,24
Steve Dils,1979,24
Steve Fuller,1979,22
Steve Grogan,1975,22
Steve Pelluer,1984,22
Steve Walsh,1989,23
Steve Young,1985,24
Tarvaris Jackson,2006,23
Teddy Bridgewater,2014,22
Terry Bradshaw,1970,22
Tim Couch,1999,22
Tim Rattay,2000,23
Tim Tebow,2010,23
Timm Rosenbach,1989,23
Todd Blackledge,1983,22
Todd Collins,1995,24
Tommy Kramer,1977,22
Tommy Maddox,1992,21
Tony Banks,1996,23
Tony Eason,1983,24
Tony Romo,2004,24
Trent Dilfer,1994,22
Trent Edwards,2007,24
Trent Green,1997,27
Trevor Siemian,2015,24
Ty Detmer,1993,26
Tyler Thigpen,2007,23
Tyrod Taylor,2011,22
Vince Evans,1977,22
Vince Ferragamo,1977,23
Vince Young,2006,23
Vinny Testaverde,1987,24
Wade Wilson,1981,22
Warren Moon,1984,28
